,Tariff,Acorn category,Acorn group
MAC000007,Standard,ACORN-H,Comfortable
MAC000011,Standard,ACORN-N,Adversity
MAC000022,Standard,ACORN-Q,Adversity
MAC000023,Standard,ACORN-U,ACORN-U
MAC000032,Standard,ACORN-Q,Adversity
MAC000047,Standard,ACORN-Q,Adversity
MAC000058,Standard,ACORN-E,Affluent
MAC000059,Standard,ACORN-H,Comfortable
MAC000069,Standard,ACORN-G,Comfortable
MAC000073,Standard,ACORN-D,Affluent
MAC000111,Standard,ACORN-M,Adversity
MAC000119,Standard,ACORN-H,Comfortable
MAC000120,Standard,ACORN-E,Affluent
MAC000122,Standard,ACORN-E,Affluent
MAC000127,Standard,ACORN-L,Adversity
MAC000128,Standard,ACORN-H,Comfortable
MAC000132,Standard,ACORN-E,Affluent
MAC000137,Standard,ACORN-H,Comfortable
MAC000138,Standard,ACORN-E,Affluent
MAC000148,Standard,ACORN-F,Comfortable
MAC000156,Standard,ACORN-F,Comfortable
MAC000167,Standard,ACORN-F,Comfortable
MAC000174,Standard,ACORN-Q,Adversity
MAC000176,Standard,ACORN-E,Affluent
MAC000181,Standard,ACORN-E,Affluent
MAC000196,Standard,ACORN-Q,Adversity
MAC000200,Standard,ACORN-F,Comfortable
MAC000203,Standard,ACORN-E,Affluent
MAC000214,Standard,ACORN-E,Affluent
MAC000215,Standard,ACORN-F,Comfortable
MAC000216,Standard,ACORN-Q,Adversity
MAC000223,Standard,ACORN-Q,Adversity
MAC000229,Standard,ACORN-F,Comfortable
MAC000271,Standard,ACORN-F,Comfortable
MAC000297,Standard,ACORN-E,Affluent
MAC000306,Standard,ACORN-E,Affluent
MAC000311,Standard,ACORN-D,Affluent
MAC000318,Standard,ACORN-Q,Adversity
MAC000321,Standard,ACORN-E,Affluent
MAC000329,Standard,ACORN-Q,Adversity
MAC000332,Standard,ACORN-E,Affluent
MAC000333,Standard,ACORN-Q,Adversity
MAC000351,Standard,ACORN-E,Affluent
MAC000359,Standard,ACORN-E,Affluent
MAC000361,Standard,ACORN-E,Affluent
MAC000364,Standard,ACORN-Q,Adversity
MAC000365,Standard,ACORN-Q,Adversity
MAC000372,Standard,ACORN-E,Affluent
MAC000373,Standard,ACORN-L,Adversity
MAC000374,Standard,ACORN-E,Affluent
MAC000377,Standard,ACORN-D,Affluent
MAC000380,Standard,ACORN-E,Affluent
MAC000382,Standard,ACORN-H,Comfortable
MAC000385,Standard,ACORN-Q,Adversity
MAC000393,Standard,ACORN-D,Affluent
MAC000394,Standard,ACORN-H,Comfortable
MAC000417,Standard,ACORN-Q,Adversity
MAC000419,Standard,ACORN-E,Affluent
MAC000425,Standard,ACORN-Q,Adversity
MAC000427,Standard,ACORN-O,Adversity
MAC000429,Standard,ACORN-E,Affluent
MAC000434,Standard,ACORN-Q,Adversity
MAC000438,Standard,ACORN-E,Affluent
MAC000445,Standard,ACORN-F,Comfortable
MAC000449,Standard,ACORN-Q,Adversity
MAC000455,Standard,ACORN-D,Affluent
MAC000458,Standard,ACORN-E,Affluent
MAC000469,Standard,ACORN-E,Affluent
MAC000477,Standard,ACORN-M,Adversity
MAC000479,Standard,ACORN-F,Comfortable
MAC000501,Standard,ACORN-F,Comfortable
MAC000504,Standard,ACORN-E,Affluent
MAC000520,Standard,ACORN-J,Comfortable
MAC000530,Standard,ACORN-F,Comfortable
MAC000534,Standard,ACORN-Q,Adversity
MAC000539,Standard,ACORN-F,Comfortable
MAC000548,Standard,ACORN-L,Adversity
MAC000556,Standard,ACORN-Q,Adversity
MAC000574,Standard,ACORN-K,Adversity
MAC000601,Standard,ACORN-K,Adversity
MAC000603,Standard,ACORN-E,Affluent
MAC000608,Standard,ACORN-L,Adversity
MAC000614,Standard,ACORN-H,Comfortable
MAC000615,Standard,ACORN-Q,Adversity
MAC000619,Standard,ACORN-D,Affluent
MAC000638,Standard,ACORN-H,Comfortable
MAC000655,Standard,ACORN-F,Comfortable
MAC000658,Standard,ACORN-L,Adversity
MAC000663,Standard,ACORN-E,Affluent
MAC000690,Standard,ACORN-Q,Adversity
MAC000691,Standard,ACORN-G,Comfortable
MAC000693,Standard,ACORN-E,Affluent
MAC000697,Standard,ACORN-E,Affluent
MAC000698,Standard,ACORN-F,Comfortable
MAC000703,Standard,ACORN-Q,Adversity
MAC000706,Standard,ACORN-E,Affluent
MAC000711,Standard,ACORN-Q,Adversity
MAC000715,Standard,ACORN-D,Affluent
MAC000717,Standard,ACORN-Q,Adversity
MAC000721,Standard,ACORN-F,Comfortable
MAC000726,Standard,ACORN-I,Comfortable
MAC000740,Standard,ACORN-Q,Adversity
MAC000741,Standard,ACORN-D,Affluent
MAC000745,Standard,ACORN-E,Affluent
MAC000748,Standard,ACORN-Q,Adversity
MAC000750,Standard,ACORN-L,Adversity
MAC000752,Standard,ACORN-Q,Adversity
MAC000757,Standard,ACORN-O,Adversity
MAC000761,Standard,ACORN-K,Adversity
MAC000763,Standard,ACORN-L,Adversity
MAC000774,Standard,ACORN-E,Affluent
MAC000777,Standard,ACORN-E,Affluent
MAC000781,Standard,ACORN-Q,Adversity
MAC000788,Standard,ACORN-F,Comfortable
MAC000795,Standard,ACORN-F,Comfortable
MAC000799,Standard,ACORN-F,Comfortable
MAC000802,Standard,ACORN-K,Adversity
MAC000815,Standard,ACORN-D,Affluent
MAC000826,Standard,ACORN-F,Comfortable
MAC000835,Standard,ACORN-G,Comfortable
MAC000842,Standard,ACORN-K,Adversity
MAC000846,Standard,ACORN-J,Comfortable
MAC000848,Standard,ACORN-E,Affluent
MAC000852,Standard,ACORN-K,Adversity
MAC000855,Standard,ACORN-E,Affluent
MAC000883,Standard,ACORN-D,Affluent
MAC000885,Standard,ACORN-J,Comfortable
MAC000886,Standard,ACORN-A,Affluent
MAC000893,Standard,ACORN-L,Adversity
MAC000894,Standard,ACORN-Q,Adversity
MAC000900,Standard,ACORN-G,Comfortable
MAC000905,Standard,ACORN-E,Affluent
MAC000906,Standard,ACORN-Q,Adversity
MAC000912,Standard,ACORN-K,Adversity
MAC000918,Standard,ACORN-E,Affluent
MAC000922,Standard,ACORN-F,Comfortable
MAC000926,Standard,ACORN-Q,Adversity
MAC000927,Standard,ACORN-H,Comfortable
MAC000933,Standard,ACORN-F,Comfortable
MAC000936,Standard,ACORN-E,Affluent
MAC000957,Standard,ACORN-D,Affluent
MAC000960,Standard,ACORN-E,Affluent
MAC000962,Standard,ACORN-F,Comfortable
MAC000974,Standard,ACORN-A,Affluent
MAC000983,Standard,ACORN-D,Affluent
MAC001007,Standard,ACORN-Q,Adversity
MAC001017,Standard,ACORN-N,Adversity
MAC001028,Standard,ACORN-F,Comfortable
MAC001036,Standard,ACORN-G,Comfortable
MAC001043,Standard,ACORN-E,Affluent
MAC001051,Standard,ACORN-Q,Adversity
MAC001062,Standard,ACORN-Q,Adversity
MAC001066,Standard,ACORN-E,Affluent
MAC001080,Standard,ACORN-F,Comfortable
MAC001085,Standard,ACORN-K,Adversity
MAC001090,Standard,ACORN-F,Comfortable
MAC001112,Standard,ACORN-L,Adversity
MAC001115,Standard,ACORN-E,Affluent
MAC001125,Standard,ACORN-F,Comfortable
MAC001127,Standard,ACORN-L,Adversity
MAC001130,Standard,ACORN-E,Affluent
MAC001131,Standard,ACORN-Q,Adversity
MAC001139,Standard,ACORN-F,Comfortable
MAC001140,Standard,ACORN-C,Affluent
MAC001154,Standard,ACORN-E,Affluent
MAC001160,Standard,ACORN-E,Affluent
MAC001174,Standard,ACORN-L,Adversity
MAC001176,Standard,ACORN-Q,Adversity
MAC001193,Standard,ACORN-Q,Adversity
MAC001196,Standard,ACORN-E,Affluent
MAC001197,Standard,ACORN-F,Comfortable
MAC001199,Standard,ACORN-E,Affluent
MAC001210,Standard,ACORN-F,Comfortable
MAC001212,Standard,ACORN-N,Adversity
MAC001242,Standard,ACORN-F,Comfortable
MAC001243,Standard,ACORN-Q,Adversity
MAC001250,Standard,ACORN-J,Comfortable
MAC001253,Standard,ACORN-G,Comfortable
MAC001259,Standard,ACORN-I,Comfortable
MAC001265,Standard,ACORN-F,Comfortable
MAC001275,Standard,ACORN-Q,Adversity
MAC001286,Standard,ACORN-K,Adversity
MAC001289,Standard,ACORN-Q,Adversity
MAC001291,Standard,ACORN-O,Adversity
MAC001325,Standard,ACORN-E,Affluent
MAC001339,Standard,ACORN-M,Adversity
MAC001349,Standard,ACORN-P,Adversity
MAC001355,Standard,ACORN-M,Adversity
MAC001358,Standard,ACORN-E,Affluent
MAC001367,Standard,ACORN-E,Affluent
MAC001368,Standard,ACORN-F,Comfortable
MAC001377,Standard,ACORN-F,Comfortable
MAC001389,Standard,ACORN-Q,Adversity
MAC001391,Standard,ACORN-F,Comfortable
MAC001395,Standard,ACORN-C,Affluent
MAC001408,Standard,ACORN-H,Comfortable
MAC001411,Standard,ACORN-E,Affluent
MAC001416,Standard,ACORN-E,Affluent
MAC001419,Standard,ACORN-G,Comfortable
MAC001426,Standard,ACORN-Q,Adversity
MAC001428,Standard,ACORN-Q,Adversity
MAC001441,Standard,ACORN-Q,Adversity
MAC001456,Standard,ACORN-M,Adversity
MAC001460,Standard,ACORN-Q,Adversity
MAC001462,Standard,ACORN-H,Comfortable
MAC001469,Standard,ACORN-E,Affluent
MAC001473,Standard,ACORN-G,Comfortable
MAC001474,Standard,ACORN-L,Adversity
MAC001481,Standard,ACORN-F,Comfortable
MAC001483,Standard,ACORN-Q,Adversity
MAC001503,Standard,ACORN-Q,Adversity
MAC001510,Standard,ACORN-A,Affluent
MAC001515,Standard,ACORN-F,Comfortable
MAC001517,Standard,ACORN-E,Affluent
MAC001519,Standard,ACORN-E,Affluent
MAC001526,Standard,ACORN-E,Affluent
MAC001533,Standard,ACORN-A,Affluent
MAC001541,Standard,ACORN-E,Affluent
MAC001545,Standard,ACORN-Q,Adversity
MAC001551,Standard,ACORN-N,Adversity
MAC001555,Standard,ACORN-N,Adversity
MAC001563,Standard,ACORN-F,Comfortable
MAC001568,Standard,ACORN-J,Comfortable
MAC001577,Standard,ACORN-E,Affluent
MAC001581,Standard,ACORN-K,Adversity
MAC001582,Standard,ACORN-Q,Adversity
MAC001604,Standard,ACORN-M,Adversity
MAC001618,Standard,ACORN-H,Comfortable
MAC001621,Standard,ACORN-N,Adversity
MAC001623,Standard,ACORN-E,Affluent
MAC001627,Standard,ACORN-N,Adversity
MAC001634,Standard,ACORN-J,Comfortable
MAC001638,Standard,ACORN-D,Affluent
MAC001657,Standard,ACORN-Q,Adversity
MAC001662,Standard,ACORN-E,Affluent
MAC001675,Standard,ACORN-N,Adversity
MAC001683,Standard,ACORN-N,Adversity
MAC001713,Standard,ACORN-E,Affluent
MAC001730,Standard,ACORN-E,Affluent
MAC001734,Standard,ACORN-A,Affluent
MAC001747,Standard,ACORN-Q,Adversity
MAC001760,Standard,ACORN-F,Comfortable
MAC001762,Standard,ACORN-O,Adversity
MAC001766,Standard,ACORN-D,Affluent
MAC001771,Standard,ACORN-G,Comfortable
MAC001784,Standard,ACORN-F,Comfortable
MAC001796,Standard,ACORN-N,Adversity
MAC001805,Standard,ACORN-F,Comfortable
MAC001808,Standard,ACORN-E,Affluent
MAC001811,Standard,ACORN-Q,Adversity
MAC001817,Standard,ACORN-Q,Adversity
MAC001821,Standard,ACORN-D,Affluent
MAC001836,Standard,ACORN-A,Affluent
MAC001839,Standard,ACORN-Q,Adversity
MAC001842,Standard,ACORN-F,Comfortable
MAC001852,Standard,ACORN-E,Affluent
MAC001862,Standard,ACORN-E,Affluent
MAC001863,Standard,ACORN-Q,Adversity
MAC001867,Standard,ACORN-D,Affluent
MAC001874,Standard,ACORN-M,Adversity
MAC001883,Standard,ACORN-P,Adversity
MAC001887,Standard,ACORN-O,Adversity
MAC001890,Standard,ACORN-F,Comfortable
MAC001891,Standard,ACORN-H,Comfortable
MAC001893,Standard,ACORN-A,Affluent
MAC001900,Standard,ACORN-J,Comfortable
MAC001902,Standard,ACORN-E,Affluent
MAC001907,Standard,ACORN-Q,Adversity
MAC001908,Standard,ACORN-Q,Adversity
MAC001911,Standard,ACORN-F,Comfortable
MAC001920,Standard,ACORN-E,Affluent
MAC001926,Standard,ACORN-F,Comfortable
MAC001932,Standard,ACORN-N,Adversity
MAC001936,Standard,ACORN-E,Affluent
MAC001945,Standard,ACORN-L,Adversity
MAC001949,Standard,ACORN-F,Comfortable
MAC001960,Standard,ACORN-E,Affluent
MAC001963,Standard,ACORN-E,Affluent
MAC001967,Standard,ACORN-K,Adversity
MAC001971,Standard,ACORN-F,Comfortable
MAC001973,Standard,ACORN-F,Comfortable
MAC001982,Standard,ACORN-N,Adversity
MAC001983,Standard,ACORN-Q,Adversity
MAC001999,Standard,ACORN-D,Affluent
MAC002003,Standard,ACORN-Q,Adversity
MAC002016,Standard,ACORN-E,Affluent
MAC002019,Standard,ACORN-E,Affluent
MAC002025,Standard,ACORN-A,Affluent
MAC002026,Standard,ACORN-E,Affluent
MAC002042,Standard,ACORN-E,Affluent
MAC002047,Standard,ACORN-E,Affluent
MAC002050,Standard,ACORN-D,Affluent
MAC002051,Standard,ACORN-H,Comfortable
MAC002053,Standard,ACORN-Q,Adversity
MAC002056,Standard,ACORN-U,ACORN-U
MAC002057,Standard,ACORN-Q,Adversity
MAC002063,Standard,ACORN-D,Affluent
MAC002064,Standard,ACORN-E,Affluent
MAC002070,Standard,ACORN-C,Affluent
MAC002074,Standard,ACORN-G,Comfortable
MAC002082,Standard,ACORN-E,Affluent
MAC002085,Standard,ACORN-K,Adversity
MAC002087,Standard,ACORN-U,ACORN-U
MAC002091,Standard,ACORN-E,Affluent
MAC002094,Standard,ACORN-Q,Adversity
MAC002096,Standard,ACORN-E,Affluent
MAC002100,Standard,ACORN-E,Affluent
MAC002109,Standard,ACORN-D,Affluent
MAC002123,Standard,ACORN-H,Comfortable
MAC002129,Standard,ACORN-Q,Adversity
MAC002139,Standard,ACORN-Q,Adversity
MAC002144,Standard,ACORN-D,Affluent
MAC002145,Standard,ACORN-E,Affluent
MAC002177,Standard,ACORN-L,Adversity
MAC002180,Standard,ACORN-E,Affluent
MAC002185,Standard,ACORN-Q,Adversity
MAC002186,Standard,ACORN-F,Comfortable
MAC002191,Standard,ACORN-Q,Adversity
MAC002192,Standard,ACORN-L,Adversity
MAC002198,Standard,ACORN-H,Comfortable
MAC002202,Standard,ACORN-E,Affluent
MAC002218,Standard,ACORN-D,Affluent
MAC002220,Standard,ACORN-G,Comfortable
MAC002231,Standard,ACORN-F,Comfortable
MAC002249,Standard,ACORN-A,Affluent
MAC002254,Standard,ACORN-F,Comfortable
MAC002257,Standard,ACORN-E,Affluent
MAC002267,Standard,ACORN-D,Affluent
MAC002272,Standard,ACORN-M,Adversity
MAC002282,Standard,ACORN-E,Affluent
MAC002285,Standard,ACORN-E,Affluent
MAC002295,Standard,ACORN-K,Adversity
MAC002304,Standard,ACORN-P,Adversity
MAC002310,Standard,ACORN-E,Affluent
MAC002315,Standard,ACORN-Q,Adversity
MAC002322,Standard,ACORN-E,Affluent
MAC002327,Standard,ACORN-B,Affluent
MAC002329,Standard,ACORN-F,Comfortable
MAC002343,Standard,ACORN-E,Affluent
MAC002347,Standard,ACORN-Q,Adversity
MAC002348,Standard,ACORN-F,Comfortable
MAC002350,Standard,ACORN-L,Adversity
MAC002354,Standard,ACORN-H,Comfortable
MAC002356,Standard,ACORN-P,Adversity
MAC002361,Standard,ACORN-E,Affluent
MAC002365,Standard,ACORN-Q,Adversity
MAC002386,Standard,ACORN-L,Adversity
MAC002390,Standard,ACORN-E,Affluent
MAC002391,Standard,ACORN-Q,Adversity
MAC002394,Standard,ACORN-E,Affluent
MAC002395,Standard,ACORN-F,Comfortable
MAC002403,Standard,ACORN-Q,Adversity
MAC002406,Standard,ACORN-O,Adversity
MAC002408,Standard,ACORN-Q,Adversity
MAC002415,Standard,ACORN-N,Adversity
MAC002422,Standard,ACORN-F,Comfortable
MAC002425,Standard,ACORN-L,Adversity
MAC002426,Standard,ACORN-Q,Adversity
MAC002427,Standard,ACORN-Q,Adversity
MAC002435,Standard,ACORN-P,Adversity
MAC002456,Standard,ACORN-N,Adversity
MAC002458,Standard,ACORN-D,Affluent
MAC002465,Standard,ACORN-F,Comfortable
MAC002466,Standard,ACORN-F,Comfortable
MAC002481,Standard,ACORN-C,Affluent
MAC002495,Standard,ACORN-E,Affluent
MAC002509,Standard,ACORN-E,Affluent
MAC002514,Standard,ACORN-E,Affluent
MAC002515,Standard,ACORN-H,Comfortable
MAC002517,Standard,ACORN-E,Affluent
MAC002526,Standard,ACORN-H,Comfortable
MAC002539,Standard,ACORN-E,Affluent
MAC002541,Standard,ACORN-Q,Adversity
MAC002545,Standard,ACORN-E,Affluent
MAC002550,Standard,ACORN-E,Affluent
MAC002554,Standard,ACORN-F,Comfortable
MAC002555,Standard,ACORN-D,Affluent
MAC002556,Standard,ACORN-E,Affluent
MAC002559,Standard,ACORN-Q,Adversity
MAC002584,Standard,ACORN-E,Affluent
MAC002600,Standard,ACORN-Q,Adversity
MAC002611,Standard,ACORN-E,Affluent
MAC002612,Standard,ACORN-H,Comfortable
MAC002630,Standard,ACORN-F,Comfortable
MAC002638,Standard,ACORN-Q,Adversity
MAC002643,Standard,ACORN-L,Adversity
MAC002646,Standard,ACORN-Q,Adversity
MAC002662,Standard,ACORN-E,Affluent
MAC002666,Standard,ACORN-E,Affluent
MAC002669,Standard,ACORN-H,Comfortable
MAC002676,Standard,ACORN-E,Affluent
MAC002702,Standard,ACORN-E,Affluent
MAC002715,Standard,ACORN-F,Comfortable
MAC002717,Standard,ACORN-Q,Adversity
MAC002718,Standard,ACORN-G,Comfortable
MAC002719,Standard,ACORN-E,Affluent
MAC002721,Standard,ACORN-H,Comfortable
MAC002724,Standard,ACORN-E,Affluent
MAC002734,Standard,ACORN-O,Adversity
MAC002747,Standard,ACORN-Q,Adversity
MAC002749,Standard,ACORN-H,Comfortable
MAC002762,Standard,ACORN-P,Adversity
MAC002767,Standard,ACORN-E,Affluent
MAC002772,Standard,ACORN-E,Affluent
MAC002780,Standard,ACORN-H,Comfortable
MAC002783,Standard,ACORN-F,Comfortable
MAC002796,Standard,ACORN-I,Comfortable
MAC002799,Standard,ACORN-F,Comfortable
MAC002801,Standard,ACORN-P,Adversity
MAC002810,Standard,ACORN-E,Affluent
MAC002832,Standard,ACORN-Q,Adversity
MAC002835,Standard,ACORN-E,Affluent
MAC002841,Standard,ACORN-E,Affluent
MAC002846,Standard,ACORN-Q,Adversity
MAC002850,Standard,ACORN-L,Adversity
MAC002882,Standard,ACORN-Q,Adversity
MAC002885,Standard,ACORN-D,Affluent
MAC002887,Standard,ACORN-Q,Adversity
MAC002888,Standard,ACORN-E,Affluent
MAC002889,Standard,ACORN-H,Comfortable
MAC002912,Standard,ACORN-H,Comfortable
MAC002914,Standard,ACORN-E,Affluent
MAC002916,Standard,ACORN-Q,Adversity
MAC002936,Standard,ACORN-Q,Adversity
MAC002937,Standard,ACORN-A,Affluent
MAC002949,Standard,ACORN-E,Affluent
MAC002952,Standard,ACORN-K,Adversity
MAC002958,Standard,ACORN-Q,Adversity
MAC002962,Standard,ACORN-H,Comfortable
MAC002965,Standard,ACORN-D,Affluent
MAC002973,Standard,ACORN-F,Comfortable
MAC002974,Standard,ACORN-E,Affluent
MAC002975,Standard,ACORN-N,Adversity
MAC002978,Standard,ACORN-D,Affluent
MAC003003,Standard,ACORN-Q,Adversity
MAC003006,Standard,ACORN-E,Affluent
MAC003011,Standard,ACORN-E,Affluent
MAC003015,Standard,ACORN-K,Adversity
MAC003027,Standard,ACORN-Q,Adversity
MAC003033,Standard,ACORN-C,Affluent
MAC003034,Standard,ACORN-F,Comfortable
MAC003040,Standard,ACORN-Q,Adversity
MAC003051,Standard,ACORN-H,Comfortable
MAC003052,Standard,ACORN-E,Affluent
MAC003056,Standard,ACORN-E,Affluent
MAC003057,Standard,ACORN-F,Comfortable
MAC003058,Standard,ACORN-E,Affluent
MAC003079,Standard,ACORN-L,Adversity
MAC003084,Standard,ACORN-Q,Adversity
MAC003087,Standard,ACORN-P,Adversity
MAC003096,Standard,ACORN-Q,Adversity
MAC003103,Standard,ACORN-E,Affluent
MAC003113,Standard,ACORN-E,Affluent
MAC003117,Standard,ACORN-Q,Adversity
MAC003125,Standard,ACORN-F,Comfortable
MAC003130,Standard,ACORN-E,Affluent
MAC003132,Standard,ACORN-F,Comfortable
MAC003147,Standard,ACORN-E,Affluent
MAC003148,Standard,ACORN-E,Affluent
MAC003149,Standard,ACORN-K,Adversity
MAC003150,Standard,ACORN-E,Affluent
MAC003162,Standard,ACORN-K,Adversity
MAC003163,Standard,ACORN-U,ACORN-U
MAC003172,Standard,ACORN-L,Adversity
MAC003174,Standard,ACORN-G,Comfortable
MAC003191,Standard,ACORN-L,Adversity
MAC003209,Standard,ACORN-N,Adversity
MAC003214,Standard,ACORN-J,Comfortable
MAC003219,Standard,ACORN-H,Comfortable
MAC003220,Standard,ACORN-C,Affluent
MAC003226,Standard,ACORN-M,Adversity
MAC003233,Standard,ACORN-L,Adversity
MAC003235,Standard,ACORN-C,Affluent
MAC003239,Standard,ACORN-A,Affluent
MAC003248,Standard,ACORN-I,Comfortable
MAC003252,Standard,ACORN-A,Affluent
MAC003264,Standard,ACORN-H,Comfortable
MAC003270,Standard,ACORN-L,Adversity
MAC003273,Standard,ACORN-E,Affluent
MAC003278,Standard,ACORN-C,Affluent
MAC003279,Standard,ACORN-H,Comfortable
MAC003281,Standard,ACORN-A,Affluent
MAC003288,Standard,ACORN-C,Affluent
MAC003300,Standard,ACORN-L,Adversity
MAC003305,Standard,ACORN-A,Affluent
MAC003336,Standard,ACORN-C,Affluent
MAC003340,Standard,ACORN-H,Comfortable
MAC003362,Standard,ACORN-E,Affluent
MAC003364,Standard,ACORN-D,Affluent
MAC003371,Standard,ACORN-J,Comfortable
MAC003375,Standard,ACORN-H,Comfortable
MAC003382,Standard,ACORN-H,Comfortable
MAC003383,Standard,ACORN-J,Comfortable
MAC003385,Standard,ACORN-G,Comfortable
MAC003386,Standard,ACORN-M,Adversity
MAC003388,Standard,ACORN-A,Affluent
MAC003404,Standard,ACORN-H,Comfortable
MAC003406,Standard,ACORN-H,Comfortable
MAC003411,Standard,ACORN-L,Adversity
MAC003413,Standard,ACORN-N,Adversity
MAC003417,Standard,ACORN-H,Comfortable
MAC003423,Standard,ACORN-A,Affluent
MAC003432,Standard,ACORN-H,Comfortable
MAC003437,Standard,ACORN-N,Adversity
MAC003438,Standard,ACORN-H,Comfortable
MAC003440,Standard,ACORN-I,Comfortable
MAC003447,Standard,ACORN-I,Comfortable
MAC003453,Standard,ACORN-H,Comfortable
MAC003454,Standard,ACORN-I,Comfortable
MAC003455,Standard,ACORN-L,Adversity
MAC003458,Standard,ACORN-M,Adversity
MAC003463,Standard,ACORN-A,Affluent
MAC003466,Standard,ACORN-N,Adversity
MAC003479,Standard,ACORN-N,Adversity
MAC003485,Standard,ACORN-G,Comfortable
MAC003486,Standard,ACORN-C,Affluent
MAC003491,Standard,ACORN-L,Adversity
MAC003493,Standard,ACORN-H,Comfortable
MAC003496,Standard,ACORN-L,Adversity
MAC003500,Standard,ACORN-M,Adversity
MAC003512,Standard,ACORN-G,Comfortable
MAC003520,Standard,ACORN-L,Adversity
MAC003527,Standard,ACORN-H,Comfortable
MAC003535,Standard,ACORN-L,Adversity
MAC003546,Standard,ACORN-Q,Adversity
MAC003553,Standard,ACORN-A,Affluent
MAC003557,Standard,ACORN-A,Affluent
MAC003567,Standard,ACORN-H,Comfortable
MAC003577,Standard,ACORN-L,Adversity
MAC003584,Standard,ACORN-C,Affluent
MAC003587,Standard,ACORN-F,Comfortable
MAC003593,Standard,ACORN-L,Adversity
MAC003594,Standard,ACORN-Q,Adversity
MAC003595,Standard,ACORN-H,Comfortable
MAC003610,Standard,ACORN-H,Comfortable
MAC003627,Standard,ACORN-G,Comfortable
MAC003629,Standard,ACORN-L,Adversity
MAC003630,Standard,ACORN-Q,Adversity
MAC003636,Standard,ACORN-O,Adversity
MAC003646,Standard,ACORN-A,Affluent
MAC003651,Standard,ACORN-N,Adversity
MAC003653,Standard,ACORN-H,Comfortable
MAC003655,Standard,ACORN-H,Comfortable
MAC003656,Standard,ACORN-A,Affluent
MAC003662,Standard,ACORN-F,Comfortable
MAC003686,Standard,ACORN-A,Affluent
MAC003687,Standard,ACORN-G,Comfortable
MAC003692,Standard,ACORN-L,Adversity
MAC003702,Standard,ACORN-H,Comfortable
MAC003720,Standard,ACORN-H,Comfortable
MAC003726,Standard,ACORN-L,Adversity
MAC003727,Standard,ACORN-L,Adversity
MAC003729,Standard,ACORN-G,Comfortable
MAC003730,Standard,ACORN-O,Adversity
MAC003735,Standard,ACORN-G,Comfortable
MAC003742,Standard,ACORN-O,Adversity
MAC003748,Standard,ACORN-C,Affluent
MAC003754,Standard,ACORN-H,Comfortable
MAC003757,Standard,ACORN-L,Adversity
MAC003761,Standard,ACORN-Q,Adversity
MAC003763,Standard,ACORN-L,Adversity
MAC003765,Standard,ACORN-L,Adversity
MAC003772,Standard,ACORN-O,Adversity
MAC003774,Standard,ACORN-I,Comfortable
MAC003775,Standard,ACORN-A,Affluent
MAC003776,Standard,ACORN-C,Affluent
MAC003777,Standard,ACORN-E,Affluent
MAC003786,Standard,ACORN-M,Adversity
MAC003790,Standard,ACORN-E,Affluent
MAC003809,Standard,ACORN-H,Comfortable
MAC003811,Standard,ACORN-F,Comfortable
MAC003814,Standard,ACORN-G,Comfortable
MAC003815,Standard,ACORN-H,Comfortable
MAC003824,Standard,ACORN-N,Adversity
MAC003830,Standard,ACORN-G,Comfortable
MAC003846,Standard,ACORN-J,Comfortable
MAC003857,Standard,ACORN-H,Comfortable
MAC003866,Standard,ACORN-H,Comfortable
MAC003867,Standard,ACORN-H,Comfortable
MAC003868,Standard,ACORN-G,Comfortable
MAC003877,Standard,ACORN-J,Comfortable
MAC003880,Standard,ACORN-L,Adversity
MAC003898,Standard,ACORN-E,Affluent
MAC003901,Standard,ACORN-C,Affluent
MAC003908,Standard,ACORN-B,Affluent
MAC003912,Standard,ACORN-C,Affluent
MAC003917,Standard,ACORN-H,Comfortable
MAC003922,Standard,ACORN-L,Adversity
MAC003926,Standard,ACORN-H,Comfortable
MAC003929,Standard,ACORN-O,Adversity
MAC003940,Standard,ACORN-E,Affluent
MAC003941,Standard,ACORN-F,Comfortable
MAC003943,Standard,ACORN-E,Affluent
MAC003945,Standard,ACORN-E,Affluent
MAC003949,Standard,ACORN-E,Affluent
MAC003955,Standard,ACORN-Q,Adversity
MAC003959,Standard,ACORN-H,Comfortable
MAC003962,Standard,ACORN-E,Affluent
MAC003974,Standard,ACORN-E,Affluent
MAC003979,Standard,ACORN-F,Comfortable
MAC003981,Standard,ACORN-F,Comfortable
MAC004007,Standard,ACORN-D,Affluent
MAC004010,Standard,ACORN-U,ACORN-U
MAC004011,Standard,ACORN-O,Adversity
MAC004016,Standard,ACORN-D,Affluent
MAC004023,Standard,ACORN-F,Comfortable
MAC004026,Standard,ACORN-D,Affluent
MAC004030,Standard,ACORN-F,Comfortable
MAC004045,Standard,ACORN-E,Affluent
MAC004064,Standard,ACORN-Q,Adversity
MAC004071,Standard,ACORN-Q,Adversity
MAC004073,Standard,ACORN-E,Affluent
MAC004086,Standard,ACORN-P,Adversity
MAC004093,Standard,ACORN-F,Comfortable
MAC004094,Standard,ACORN-E,Affluent
MAC004099,Standard,ACORN-E,Affluent
MAC004104,Standard,ACORN-Q,Adversity
MAC004105,Standard,ACORN-E,Affluent
MAC004108,Standard,ACORN-C,Affluent
MAC004109,Standard,ACORN-Q,Adversity
MAC004110,Standard,ACORN-Q,Adversity
MAC004113,Standard,ACORN-L,Adversity
MAC004114,Standard,ACORN-H,Comfortable
MAC004140,Standard,ACORN-Q,Adversity
MAC004143,Standard,ACORN-E,Affluent
MAC004153,Standard,ACORN-E,Affluent
MAC004158,Standard,ACORN-E,Affluent
MAC004167,Standard,ACORN-H,Comfortable
MAC004172,Standard,ACORN-K,Adversity
MAC004180,Standard,ACORN-Q,Adversity
MAC004202,Standard,ACORN-F,Comfortable
MAC004203,Standard,ACORN-F,Comfortable
MAC004204,Standard,ACORN-G,Comfortable
MAC004214,Standard,ACORN-H,Comfortable
MAC004225,Standard,ACORN-D,Affluent
MAC004228,Standard,ACORN-Q,Adversity
MAC004241,Standard,ACORN-K,Adversity
MAC004242,Standard,ACORN-D,Affluent
MAC004243,Standard,ACORN-O,Adversity
MAC004244,Standard,ACORN-J,Comfortable
MAC004254,Standard,ACORN-F,Comfortable
MAC004259,Standard,ACORN-L,Adversity
MAC004265,Standard,ACORN-N,Adversity
MAC004266,Standard,ACORN-E,Affluent
MAC004268,Standard,ACORN-Q,Adversity
MAC004269,Standard,ACORN-E,Affluent
MAC004271,Standard,ACORN-G,Comfortable
MAC004273,Standard,ACORN-L,Adversity
MAC004279,Standard,ACORN-H,Comfortable
MAC004280,Standard,ACORN-D,Affluent
MAC004282,Standard,ACORN-F,Comfortable
MAC004290,Standard,ACORN-F,Comfortable
MAC004294,Standard,ACORN-E,Affluent
MAC004299,Standard,ACORN-F,Comfortable
MAC004306,Standard,ACORN-L,Adversity
MAC004308,Standard,ACORN-E,Affluent
MAC004310,Standard,ACORN-F,Comfortable
MAC004311,Standard,ACORN-D,Affluent
MAC004313,Standard,ACORN-F,Comfortable
MAC004329,Standard,ACORN-O,Adversity
MAC004333,Standard,ACORN-Q,Adversity
MAC004337,Standard,ACORN-F,Comfortable
MAC004342,Standard,ACORN-E,Affluent
MAC004348,Standard,ACORN-D,Affluent
MAC004351,Standard,ACORN-E,Affluent
MAC004369,Standard,ACORN-C,Affluent
MAC004370,Standard,ACORN-Q,Adversity
MAC004375,Standard,ACORN-F,Comfortable
MAC004384,Standard,ACORN-Q,Adversity
MAC004387,Standard,ACORN-A,Affluent
MAC004394,Standard,ACORN-E,Affluent
MAC004395,Standard,ACORN-Q,Adversity
MAC004406,Standard,ACORN-C,Affluent
MAC004414,Standard,ACORN-N,Adversity
MAC004418,Standard,ACORN-F,Comfortable
MAC004420,Standard,ACORN-F,Comfortable
MAC004425,Standard,ACORN-Q,Adversity
MAC004426,Standard,ACORN-E,Affluent
MAC004430,Standard,ACORN-E,Affluent
MAC004432,Standard,ACORN-E,Affluent
MAC004454,Standard,ACORN-E,Affluent
MAC004464,Standard,ACORN-K,Adversity
MAC004465,Standard,ACORN-Q,Adversity
MAC004477,Standard,ACORN-E,Affluent
MAC004478,Standard,ACORN-F,Comfortable
MAC004498,Standard,ACORN-Q,Adversity
MAC004505,Standard,ACORN-L,Adversity
MAC004507,Standard,ACORN-L,Adversity
MAC004511,Standard,ACORN-E,Affluent
MAC004518,Standard,ACORN-E,Affluent
MAC004522,Standard,ACORN-E,Affluent
MAC004530,Standard,ACORN-Q,Adversity
MAC004531,Standard,ACORN-E,Affluent
MAC004541,Standard,ACORN-Q,Adversity
MAC004544,Standard,ACORN-Q,Adversity
MAC004547,Standard,ACORN-P,Adversity
MAC004553,Standard,ACORN-E,Affluent
MAC004567,Standard,ACORN-B,Affluent
MAC004577,Standard,ACORN-Q,Adversity
MAC004578,Standard,ACORN-F,Comfortable
MAC004583,Standard,ACORN-Q,Adversity
MAC004584,Standard,ACORN-E,Affluent
MAC004585,Standard,ACORN-C,Affluent
MAC004588,Standard,ACORN-F,Comfortable
MAC004589,Standard,ACORN-L,Adversity
MAC004597,Standard,ACORN-Q,Adversity
MAC004603,Standard,ACORN-K,Adversity
MAC004625,Standard,ACORN-E,Affluent
MAC004628,Standard,ACORN-D,Affluent
MAC004629,Standard,ACORN-E,Affluent
MAC004644,Standard,ACORN-E,Affluent
MAC004656,Standard,ACORN-E,Affluent
MAC004662,Standard,ACORN-N,Adversity
MAC004672,Standard,ACORN-U,ACORN-U
MAC004685,Standard,ACORN-G,Comfortable
MAC004690,Standard,ACORN-E,Affluent
MAC004701,Standard,ACORN-E,Affluent
MAC004715,Standard,ACORN-Q,Adversity
MAC004718,Standard,ACORN-D,Affluent
MAC004726,Standard,ACORN-F,Comfortable
MAC004729,Standard,ACORN-K,Adversity
MAC004732,Standard,ACORN-F,Comfortable
MAC004734,Standard,ACORN-Q,Adversity
MAC004742,Standard,ACORN-K,Adversity
MAC004747,Standard,ACORN-F,Comfortable
MAC004749,Standard,ACORN-H,Comfortable
MAC004750,Standard,ACORN-C,Affluent
MAC004756,Standard,ACORN-E,Affluent
MAC004774,Standard,ACORN-E,Affluent
MAC004778,Standard,ACORN-E,Affluent
MAC004779,Standard,ACORN-E,Affluent
MAC004787,Standard,ACORN-K,Adversity
MAC004788,Standard,ACORN-U,ACORN-U
MAC004791,Standard,ACORN-Q,Adversity
MAC004792,Standard,ACORN-K,Adversity
MAC004798,Standard,ACORN-E,Affluent
MAC004799,Standard,ACORN-Q,Adversity
MAC004800,Standard,ACORN-F,Comfortable
MAC004815,Standard,ACORN-E,Affluent
MAC004817,Standard,ACORN-F,Comfortable
MAC004830,Standard,ACORN-G,Comfortable
MAC004833,Standard,ACORN-E,Affluent
MAC004834,Standard,ACORN-F,Comfortable
MAC004850,Standard,ACORN-G,Comfortable
MAC004852,Standard,ACORN-E,Affluent
MAC004854,Standard,ACORN-E,Affluent
MAC004861,Standard,ACORN-Q,Adversity
MAC004871,Standard,ACORN-E,Affluent
MAC004873,Standard,ACORN-O,Adversity
MAC004875,Standard,ACORN-Q,Adversity
MAC004878,Standard,ACORN-K,Adversity
MAC004882,Standard,ACORN-F,Comfortable
MAC004886,Standard,ACORN-E,Affluent
MAC004897,Standard,ACORN-J,Comfortable
MAC004899,Standard,ACORN-E,Affluent
MAC004904,Standard,ACORN-E,Affluent
MAC004906,Standard,ACORN-E,Affluent
MAC004911,Standard,ACORN-D,Affluent
MAC004922,Standard,ACORN-H,Comfortable
MAC004923,Standard,ACORN-E,Affluent
MAC004940,Standard,ACORN-E,Affluent
MAC004942,Standard,ACORN-E,Affluent
MAC004943,Standard,ACORN-Q,Adversity
MAC004944,Standard,ACORN-Q,Adversity
MAC004945,Standard,ACORN-D,Affluent
MAC004957,Standard,ACORN-B,Affluent
MAC004959,Standard,ACORN-D,Affluent
MAC004960,Standard,ACORN-I,Comfortable
MAC004961,Standard,ACORN-E,Affluent
MAC004967,Standard,ACORN-F,Comfortable
MAC004980,Standard,ACORN-J,Comfortable
MAC004981,Standard,ACORN-E,Affluent
MAC004984,Standard,ACORN-E,Affluent
MAC004995,Standard,ACORN-E,Affluent
MAC005000,Standard,ACORN-Q,Adversity
MAC005005,Standard,ACORN-E,Affluent
MAC005009,Standard,ACORN-E,Affluent
MAC005016,Standard,ACORN-K,Adversity
MAC005018,Standard,ACORN-E,Affluent
MAC005019,Standard,ACORN-Q,Adversity
MAC005021,Standard,ACORN-E,Affluent
MAC005027,Standard,ACORN-E,Affluent
MAC005030,Standard,ACORN-E,Affluent
MAC005032,Standard,ACORN-E,Affluent
MAC005036,Standard,ACORN-U,ACORN-U
MAC005046,Standard,ACORN-N,Adversity
MAC005048,Standard,ACORN-H,Comfortable
MAC005050,Standard,ACORN-F,Comfortable
MAC005051,Standard,ACORN-J,Comfortable
MAC005056,Standard,ACORN-Q,Adversity
MAC005062,Standard,ACORN-A,Affluent
MAC005064,Standard,ACORN-F,Comfortable
MAC005072,Standard,ACORN-H,Comfortable
MAC005074,Standard,ACORN-H,Comfortable
MAC005078,Standard,ACORN-F,Comfortable
MAC005090,Standard,ACORN-G,Comfortable
MAC005092,Standard,ACORN-F,Comfortable
MAC005096,Standard,ACORN-N,Adversity
MAC005103,Standard,ACORN-Q,Adversity
MAC005104,Standard,ACORN-Q,Adversity
MAC005105,Standard,ACORN-Q,Adversity
MAC005108,Standard,ACORN-Q,Adversity
MAC005109,Standard,ACORN-E,Affluent
MAC005125,Standard,ACORN-N,Adversity
MAC005128,Standard,ACORN-P,Adversity
MAC005129,Standard,ACORN-F,Comfortable
MAC005133,Standard,ACORN-F,Comfortable
MAC005138,Standard,ACORN-E,Affluent
MAC005145,Standard,ACORN-Q,Adversity
MAC005155,Standard,ACORN-F,Comfortable
MAC005174,Standard,ACORN-F,Comfortable
MAC005187,Standard,ACORN-E,Affluent
MAC005191,Standard,ACORN-F,Comfortable
MAC005216,Standard,ACORN-J,Comfortable
MAC005217,Standard,ACORN-E,Affluent
MAC005219,Standard,ACORN-D,Affluent
MAC005221,Standard,ACORN-E,Affluent
MAC005232,Standard,ACORN-E,Affluent
MAC005247,Standard,ACORN-J,Comfortable
MAC005248,Standard,ACORN-E,Affluent
MAC005263,Standard,ACORN-E,Affluent
MAC005265,Standard,ACORN-Q,Adversity
MAC005269,Standard,ACORN-E,Affluent
MAC005272,Standard,ACORN-P,Adversity
MAC005280,Standard,ACORN-D,Affluent
MAC005286,Standard,ACORN-E,Affluent
MAC005287,Standard,ACORN-Q,Adversity
MAC005288,Standard,ACORN-Q,Adversity
MAC005299,Standard,ACORN-E,Affluent
MAC005302,Standard,ACORN-E,Affluent
MAC005309,Standard,ACORN-E,Affluent
MAC005312,Standard,ACORN-M,Adversity
MAC005314,Standard,ACORN-E,Affluent
MAC005320,Standard,ACORN-C,Affluent
MAC005345,Standard,ACORN-P,Adversity
MAC005346,Standard,ACORN-E,Affluent
MAC005361,Standard,ACORN-F,Comfortable
MAC005369,Standard,ACORN-Q,Adversity
MAC005377,Standard,ACORN-P,Adversity
MAC005380,Standard,ACORN-D,Affluent
MAC005387,Standard,ACORN-E,Affluent
MAC005402,Standard,ACORN-P,Adversity
MAC005410,Standard,ACORN-G,Comfortable
MAC005416,Standard,ACORN-E,Affluent
MAC005419,Standard,ACORN-E,Affluent
MAC005423,Standard,ACORN-E,Affluent
MAC005424,Standard,ACORN-U,ACORN-U
MAC005430,Standard,ACORN-G,Comfortable
MAC005441,Standard,ACORN-F,Comfortable
MAC005442,Standard,ACORN-E,Affluent
MAC005446,Standard,ACORN-E,Affluent
MAC005452,Standard,ACORN-Q,Adversity
MAC005464,Standard,ACORN-F,Comfortable
MAC005466,Standard,ACORN-F,Comfortable
MAC005475,Standard,ACORN-M,Adversity
MAC005480,Standard,ACORN-Q,Adversity
MAC005490,Standard,ACORN-C,Affluent
MAC005497,Standard,ACORN-E,Affluent
MAC005502,Standard,ACORN-E,Affluent
MAC005512,Standard,ACORN-K,Adversity
MAC005517,Standard,ACORN-D,Affluent
MAC005518,Standard,ACORN-K,Adversity
MAC005519,Standard,ACORN-Q,Adversity
MAC005520,Standard,ACORN-O,Adversity
MAC005528,Standard,ACORN-Q,Adversity
MAC005530,Standard,ACORN-K,Adversity
MAC005534,Standard,ACORN-J,Comfortable
MAC005542,Standard,ACORN-F,Comfortable
MAC005545,Standard,ACORN-Q,Adversity
MAC005566,Standard,ACORN-E,Affluent
MAC000051,Dynamic Time of Use (dToU),ACORN-F,Comfortable
MAC000076,Dynamic Time of Use (dToU),ACORN-E,Affluent
MAC000124,Dynamic Time of Use (dToU),ACORN-H,Comfortable
MAC000141,Dynamic Time of Use (dToU),ACORN-E,Affluent
MAC000165,Dynamic Time of Use (dToU),ACORN-E,Affluent
MAC000186,Dynamic Time of Use (dToU),ACORN-E,Affluent
MAC000194,Dynamic Time of Use (dToU),ACORN-D,Affluent
MAC000303,Dynamic Time of Use (dToU),ACORN-L,Adversity
MAC000339,Dynamic Time of Use (dToU),ACORN-A,Affluent
MAC000352,Dynamic Time of Use (dToU),ACORN-G,Comfortable
MAC000369,Dynamic Time of Use (dToU),ACORN-F,Comfortable
MAC000418,Dynamic Time of Use (dToU),ACORN-E,Affluent
MAC000421,Dynamic Time of Use (dToU),ACORN-E,Affluent
MAC000456,Dynamic Time of Use (dToU),ACORN-D,Affluent
MAC000494,Dynamic Time of Use (dToU),ACORN-F,Comfortable
MAC000537,Dynamic Time of Use (dToU),ACORN-K,Adversity
MAC000584,Dynamic Time of Use (dToU),ACORN-J,Comfortable
MAC000586,Dynamic Time of Use (dToU),ACORN-F,Comfortable
MAC000598,Dynamic Time of Use (dToU),ACORN-C,Affluent
MAC000708,Dynamic Time of Use (dToU),ACORN-Q,Adversity
MAC000728,Dynamic Time of Use (dToU),ACORN-F,Comfortable
MAC000775,Dynamic Time of Use (dToU),ACORN-E,Affluent
MAC000789,Dynamic Time of Use (dToU),ACORN-F,Comfortable
MAC000803,Dynamic Time of Use (dToU),ACORN-D,Affluent
MAC000810,Dynamic Time of Use (dToU),ACORN-Q,Adversity
MAC000868,Dynamic Time of Use (dToU),ACORN-E,Affluent
MAC000878,Dynamic Time of Use (dToU),ACORN-E,Affluent
MAC000879,Dynamic Time of Use (dToU),ACORN-Q,Adversity
MAC000898,Dynamic Time of Use (dToU),ACORN-K,Adversity
MAC000945,Dynamic Time of Use (dToU),ACORN-E,Affluent
MAC000982,Dynamic Time of Use (dToU),ACORN-E,Affluent
MAC000993,Dynamic Time of Use (dToU),ACORN-E,Affluent
MAC001013,Dynamic Time of Use (dToU),ACORN-E,Affluent
MAC001025,Dynamic Time of Use (dToU),ACORN-F,Comfortable
MAC001033,Dynamic Time of Use (dToU),ACORN-F,Comfortable
MAC001064,Dynamic Time of Use (dToU),ACORN-C,Affluent
MAC001103,Dynamic Time of Use (dToU),ACORN-F,Comfortable
MAC001132,Dynamic Time of Use (dToU),ACORN-Q,Adversity
MAC001136,Dynamic Time of Use (dToU),ACORN-F,Comfortable
MAC001182,Dynamic Time of Use (dToU),ACORN-E,Affluent
MAC001206,Dynamic Time of Use (dToU),ACORN-E,Affluent
MAC001246,Dynamic Time of Use (dToU),ACORN-J,Comfortable
MAC001264,Dynamic Time of Use (dToU),ACORN-F,Comfortable
MAC001274,Dynamic Time of Use (dToU),ACORN-E,Affluent
MAC001279,Dynamic Time of Use (dToU),ACORN-E,Affluent
MAC001285,Dynamic Time of Use (dToU),ACORN-N,Adversity
MAC001290,Dynamic Time of Use (dToU),ACORN-F,Comfortable
MAC001335,Dynamic Time of Use (dToU),ACORN-G,Comfortable
MAC001336,Dynamic Time of Use (dToU),ACORN-K,Adversity
MAC001351,Dynamic Time of Use (dToU),ACORN-Q,Adversity
MAC001372,Dynamic Time of Use (dToU),ACORN-F,Comfortable
MAC001405,Dynamic Time of Use (dToU),ACORN-E,Affluent
MAC001410,Dynamic Time of Use (dToU),ACORN-B,Affluent
MAC001413,Dynamic Time of Use (dToU),ACORN-Q,Adversity
MAC001420,Dynamic Time of Use (dToU),ACORN-D,Affluent
MAC001440,Dynamic Time of Use (dToU),ACORN-L,Adversity
MAC001447,Dynamic Time of Use (dToU),ACORN-F,Comfortable
MAC001480,Dynamic Time of Use (dToU),ACORN-N,Adversity
MAC001487,Dynamic Time of Use (dToU),ACORN-E,Affluent
MAC001512,Dynamic Time of Use (dToU),ACORN-L,Adversity
MAC001538,Dynamic Time of Use (dToU),ACORN-I,Comfortable
MAC001542,Dynamic Time of Use (dToU),ACORN-F,Comfortable
MAC001597,Dynamic Time of Use (dToU),ACORN-L,Adversity
MAC001645,Dynamic Time of Use (dToU),ACORN-H,Comfortable
MAC001680,Dynamic Time of Use (dToU),ACORN-G,Comfortable
MAC001700,Dynamic Time of Use (dToU),ACORN-H,Comfortable
MAC001712,Dynamic Time of Use (dToU),ACORN-E,Affluent
MAC001718,Dynamic Time of Use (dToU),ACORN-F,Comfortable
MAC001833,Dynamic Time of Use (dToU),ACORN-E,Affluent
MAC001840,Dynamic Time of Use (dToU),ACORN-Q,Adversity
MAC001849,Dynamic Time of Use (dToU),ACORN-E,Affluent
MAC001856,Dynamic Time of Use (dToU),ACORN-E,Affluent
MAC001858,Dynamic Time of Use (dToU),ACORN-H,Comfortable
MAC001880,Dynamic Time of Use (dToU),ACORN-Q,Adversity
MAC001910,Dynamic Time of Use (dToU),ACORN-Q,Adversity
MAC001976,Dynamic Time of Use (dToU),ACORN-E,Affluent
MAC001993,Dynamic Time of Use (dToU),ACORN-N,Adversity
MAC002022,Dynamic Time of Use (dToU),ACORN-F,Comfortable
MAC002040,Dynamic Time of Use (dToU),ACORN-Q,Adversity
MAC002075,Dynamic Time of Use (dToU),ACORN-G,Comfortable
MAC002113,Dynamic Time of Use (dToU),ACORN-A,Affluent
MAC002164,Dynamic Time of Use (dToU),ACORN-E,Affluent
MAC002182,Dynamic Time of Use (dToU),ACORN-F,Comfortable
MAC002201,Dynamic Time of Use (dToU),ACORN-C,Affluent
MAC002219,Dynamic Time of Use (dToU),ACORN-F,Comfortable
MAC002242,Dynamic Time of Use (dToU),ACORN-N,Adversity
MAC002264,Dynamic Time of Use (dToU),ACORN-E,Affluent
MAC002265,Dynamic Time of Use (dToU),ACORN-E,Affluent
MAC002268,Dynamic Time of Use (dToU),ACORN-E,Affluent
MAC002277,Dynamic Time of Use (dToU),ACORN-F,Comfortable
MAC002291,Dynamic Time of Use (dToU),ACORN-K,Adversity
MAC002336,Dynamic Time of Use (dToU),ACORN-E,Affluent
MAC002344,Dynamic Time of Use (dToU),ACORN-F,Comfortable
MAC002346,Dynamic Time of Use (dToU),ACORN-L,Adversity
MAC002421,Dynamic Time of Use (dToU),ACORN-E,Affluent
MAC002445,Dynamic Time of Use (dToU),ACORN-Q,Adversity
MAC002446,Dynamic Time of Use (dToU),ACORN-E,Affluent
MAC002448,Dynamic Time of Use (dToU),ACORN-Q,Adversity
MAC002452,Dynamic Time of Use (dToU),ACORN-P,Adversity
MAC002463,Dynamic Time of Use (dToU),ACORN-O,Adversity
MAC002464,Dynamic Time of Use (dToU),ACORN-Q,Adversity
MAC002508,Dynamic Time of Use (dToU),ACORN-E,Affluent
MAC002534,Dynamic Time of Use (dToU),ACORN-E,Affluent
MAC002536,Dynamic Time of Use (dToU),ACORN-E,Affluent
MAC002552,Dynamic Time of Use (dToU),ACORN-A,Affluent
MAC002560,Dynamic Time of Use (dToU),ACORN-E,Affluent
MAC002566,Dynamic Time of Use (dToU),ACORN-Q,Adversity
MAC002574,Dynamic Time of Use (dToU),ACORN-G,Comfortable
MAC002596,Dynamic Time of Use (dToU),ACORN-E,Affluent
MAC002645,Dynamic Time of Use (dToU),ACORN-D,Affluent
MAC002665,Dynamic Time of Use (dToU),ACORN-Q,Adversity
MAC002668,Dynamic Time of Use (dToU),ACORN-L,Adversity
MAC002678,Dynamic Time of Use (dToU),ACORN-Q,Adversity
MAC002679,Dynamic Time of Use (dToU),ACORN-E,Affluent
MAC002686,Dynamic Time of Use (dToU),ACORN-E,Affluent
MAC002690,Dynamic Time of Use (dToU),ACORN-E,Affluent
MAC002701,Dynamic Time of Use (dToU),ACORN-L,Adversity
MAC002712,Dynamic Time of Use (dToU),ACORN-E,Affluent
MAC002722,Dynamic Time of Use (dToU),ACORN-L,Adversity
MAC002769,Dynamic Time of Use (dToU),ACORN-F,Comfortable
MAC002786,Dynamic Time of Use (dToU),ACORN-Q,Adversity
MAC002792,Dynamic Time of Use (dToU),ACORN-E,Affluent
MAC002794,Dynamic Time of Use (dToU),ACORN-F,Comfortable
MAC002809,Dynamic Time of Use (dToU),ACORN-E,Affluent
MAC002827,Dynamic Time of Use (dToU),ACORN-E,Affluent
MAC002848,Dynamic Time of Use (dToU),ACORN-K,Adversity
MAC002918,Dynamic Time of Use (dToU),ACORN-F,Comfortable
MAC002931,Dynamic Time of Use (dToU),ACORN-D,Affluent
MAC002932,Dynamic Time of Use (dToU),ACORN-F,Comfortable
MAC002982,Dynamic Time of Use (dToU),ACORN-E,Affluent
MAC002997,Dynamic Time of Use (dToU),ACORN-Q,Adversity
MAC003080,Dynamic Time of Use (dToU),ACORN-F,Comfortable
MAC003097,Dynamic Time of Use (dToU),ACORN-Q,Adversity
MAC003099,Dynamic Time of Use (dToU),ACORN-Q,Adversity
MAC003102,Dynamic Time of Use (dToU),ACORN-Q,Adversity
MAC003124,Dynamic Time of Use (dToU),ACORN-E,Affluent
MAC003140,Dynamic Time of Use (dToU),ACORN-G,Comfortable
MAC003157,Dynamic Time of Use (dToU),ACORN-C,Affluent
MAC003175,Dynamic Time of Use (dToU),ACORN-L,Adversity
MAC003211,Dynamic Time of Use (dToU),ACORN-A,Affluent
MAC003256,Dynamic Time of Use (dToU),ACORN-H,Comfortable
MAC003257,Dynamic Time of Use (dToU),ACORN-A,Affluent
MAC003277,Dynamic Time of Use (dToU),ACORN-L,Adversity
MAC003308,Dynamic Time of Use (dToU),ACORN-H,Comfortable
MAC003334,Dynamic Time of Use (dToU),ACORN-H,Comfortable
MAC003372,Dynamic Time of Use (dToU),ACORN-H,Comfortable
MAC003427,Dynamic Time of Use (dToU),ACORN-C,Affluent
MAC003461,Dynamic Time of Use (dToU),ACORN-J,Comfortable
MAC003474,Dynamic Time of Use (dToU),ACORN-A,Affluent
MAC003502,Dynamic Time of Use (dToU),ACORN-D,Affluent
MAC003503,Dynamic Time of Use (dToU),ACORN-F,Comfortable
MAC003505,Dynamic Time of Use (dToU),ACORN-L,Adversity
MAC003525,Dynamic Time of Use (dToU),ACORN-L,Adversity
MAC003531,Dynamic Time of Use (dToU),ACORN-G,Comfortable
MAC003541,Dynamic Time of Use (dToU),ACORN-L,Adversity
MAC003550,Dynamic Time of Use (dToU),ACORN-M,Adversity
MAC003555,Dynamic Time of Use (dToU),ACORN-L,Adversity
MAC003580,Dynamic Time of Use (dToU),ACORN-C,Affluent
MAC003588,Dynamic Time of Use (dToU),ACORN-N,Adversity
MAC003606,Dynamic Time of Use (dToU),ACORN-A,Affluent
MAC003652,Dynamic Time of Use (dToU),ACORN-U,ACORN-U
MAC003661,Dynamic Time of Use (dToU),ACORN-J,Comfortable
MAC003669,Dynamic Time of Use (dToU),ACORN-L,Adversity
MAC003682,Dynamic Time of Use (dToU),ACORN-H,Comfortable
MAC003705,Dynamic Time of Use (dToU),ACORN-L,Adversity
MAC003708,Dynamic Time of Use (dToU),ACORN-D,Affluent
MAC003745,Dynamic Time of Use (dToU),ACORN-C,Affluent
MAC003771,Dynamic Time of Use (dToU),ACORN-G,Comfortable
MAC003783,Dynamic Time of Use (dToU),ACORN-L,Adversity
MAC003807,Dynamic Time of Use (dToU),ACORN-A,Affluent
MAC003820,Dynamic Time of Use (dToU),ACORN-H,Comfortable
MAC003823,Dynamic Time of Use (dToU),ACORN-H,Comfortable
MAC003865,Dynamic Time of Use (dToU),ACORN-H,Comfortable
MAC003915,Dynamic Time of Use (dToU),ACORN-I,Comfortable
MAC003947,Dynamic Time of Use (dToU),ACORN-F,Comfortable
MAC003951,Dynamic Time of Use (dToU),ACORN-F,Comfortable
MAC003968,Dynamic Time of Use (dToU),ACORN-G,Comfortable
MAC004000,Dynamic Time of Use (dToU),ACORN-E,Affluent
MAC004008,Dynamic Time of Use (dToU),ACORN-P,Adversity
MAC004031,Dynamic Time of Use (dToU),ACORN-H,Comfortable
MAC004037,Dynamic Time of Use (dToU),ACORN-F,Comfortable
MAC004054,Dynamic Time of Use (dToU),ACORN-A,Affluent
MAC004062,Dynamic Time of Use (dToU),ACORN-E,Affluent
MAC004065,Dynamic Time of Use (dToU),ACORN-Q,Adversity
MAC004076,Dynamic Time of Use (dToU),ACORN-O,Adversity
MAC004100,Dynamic Time of Use (dToU),ACORN-P,Adversity
MAC004107,Dynamic Time of Use (dToU),ACORN-H,Comfortable
MAC004118,Dynamic Time of Use (dToU),ACORN-E,Affluent
MAC004122,Dynamic Time of Use (dToU),ACORN-F,Comfortable
MAC004126,Dynamic Time of Use (dToU),ACORN-F,Comfortable
MAC004144,Dynamic Time of Use (dToU),ACORN-E,Affluent
MAC004149,Dynamic Time of Use (dToU),ACORN-J,Comfortable
MAC004155,Dynamic Time of Use (dToU),ACORN-H,Comfortable
MAC004206,Dynamic Time of Use (dToU),ACORN-H,Comfortable
MAC004234,Dynamic Time of Use (dToU),ACORN-L,Adversity
MAC004236,Dynamic Time of Use (dToU),ACORN-Q,Adversity
MAC004246,Dynamic Time of Use (dToU),ACORN-Q,Adversity
MAC004263,Dynamic Time of Use (dToU),ACORN-D,Affluent
MAC004320,Dynamic Time of Use (dToU),ACORN-E,Affluent
MAC004331,Dynamic Time of Use (dToU),ACORN-Q,Adversity
MAC004350,Dynamic Time of Use (dToU),ACORN-Q,Adversity
MAC004361,Dynamic Time of Use (dToU),ACORN-G,Comfortable
MAC004366,Dynamic Time of Use (dToU),ACORN-Q,Adversity
MAC004392,Dynamic Time of Use (dToU),ACORN-E,Affluent
MAC004419,Dynamic Time of Use (dToU),ACORN-Q,Adversity
MAC004493,Dynamic Time of Use (dToU),ACORN-N,Adversity
MAC004506,Dynamic Time of Use (dToU),ACORN-J,Comfortable
MAC004525,Dynamic Time of Use (dToU),ACORN-E,Affluent
MAC004561,Dynamic Time of Use (dToU),ACORN-E,Affluent
MAC004606,Dynamic Time of Use (dToU),ACORN-E,Affluent
MAC004668,Dynamic Time of Use (dToU),ACORN-E,Affluent
MAC004709,Dynamic Time of Use (dToU),ACORN-Q,Adversity
MAC004711,Dynamic Time of Use (dToU),ACORN-H,Comfortable
MAC004714,Dynamic Time of Use (dToU),ACORN-D,Affluent
MAC004716,Dynamic Time of Use (dToU),ACORN-E,Affluent
MAC004719,Dynamic Time of Use (dToU),ACORN-K,Adversity
MAC004728,Dynamic Time of Use (dToU),ACORN-E,Affluent
MAC004757,Dynamic Time of Use (dToU),ACORN-E,Affluent
MAC004762,Dynamic Time of Use (dToU),ACORN-G,Comfortable
MAC004770,Dynamic Time of Use (dToU),ACORN-E,Affluent
MAC004795,Dynamic Time of Use (dToU),ACORN-M,Adversity
MAC004811,Dynamic Time of Use (dToU),ACORN-Q,Adversity
MAC004818,Dynamic Time of Use (dToU),ACORN-Q,Adversity
MAC004821,Dynamic Time of Use (dToU),ACORN-L,Adversity
MAC004827,Dynamic Time of Use (dToU),ACORN-E,Affluent
MAC004880,Dynamic Time of Use (dToU),ACORN-E,Affluent
MAC004948,Dynamic Time of Use (dToU),ACORN-D,Affluent
MAC004968,Dynamic Time of Use (dToU),ACORN-D,Affluent
MAC004969,Dynamic Time of Use (dToU),ACORN-F,Comfortable
MAC005006,Dynamic Time of Use (dToU),ACORN-E,Affluent
MAC005068,Dynamic Time of Use (dToU),ACORN-E,Affluent
MAC005069,Dynamic Time of Use (dToU),ACORN-F,Comfortable
MAC005083,Dynamic Time of Use (dToU),ACORN-E,Affluent
MAC005091,Dynamic Time of Use (dToU),ACORN-E,Affluent
MAC005093,Dynamic Time of Use (dToU),ACORN-E,Affluent
MAC005110,Dynamic Time of Use (dToU),ACORN-F,Comfortable
MAC005121,Dynamic Time of Use (dToU),ACORN-P,Adversity
MAC005148,Dynamic Time of Use (dToU),ACORN-O,Adversity
MAC005157,Dynamic Time of Use (dToU),ACORN-L,Adversity
MAC005159,Dynamic Time of Use (dToU),ACORN-A,Affluent
MAC005171,Dynamic Time of Use (dToU),ACORN-E,Affluent
MAC005256,Dynamic Time of Use (dToU),ACORN-F,Comfortable
MAC005278,Dynamic Time of Use (dToU),ACORN-E,Affluent
MAC005306,Dynamic Time of Use (dToU),ACORN-E,Affluent
MAC005308,Dynamic Time of Use (dToU),ACORN-E,Affluent
MAC005341,Dynamic Time of Use (dToU),ACORN-F,Comfortable
MAC005347,Dynamic Time of Use (dToU),ACORN-E,Affluent
MAC005359,Dynamic Time of Use (dToU),ACORN-E,Affluent
MAC005396,Dynamic Time of Use (dToU),ACORN-F,Comfortable
MAC005427,Dynamic Time of Use (dToU),ACORN-E,Affluent
MAC005429,Dynamic Time of Use (dToU),ACORN-F,Comfortable
MAC005432,Dynamic Time of Use (dToU),ACORN-L,Adversity
MAC005448,Dynamic Time of Use (dToU),ACORN-H,Comfortable
MAC005474,Dynamic Time of Use (dToU),ACORN-Q,Adversity
MAC005488,Dynamic Time of Use (dToU),ACORN-E,Affluent
MAC005489,Dynamic Time of Use (dToU),ACORN-C,Affluent
MAC005492,Dynamic Time of Use (dToU),ACORN-,ACORN-
MAC005522,Dynamic Time of Use (dToU),ACORN-J,Comfortable
MAC005533,Dynamic Time of Use (dToU),ACORN-G,Comfortable
